HS02,S3,,
10110,0015,,
10190,0015,,
10210,0011,,
10290,0011,,
10310,0013,,
10391,0013,,
10392,0013,,
10410,0012,,
10420,0012,,
10511,0014,,
10512,0014,,
10519,0014,,
10592,0014,,
10593,0014,,
10599,0014,,
10611,0019,,
10612,0019,,
10619,0019,,
10620,0019,,
10631,0019,,
10632,0019,,
10639,0019,,
10690,0019,,
20110,0111,,
20120,0111,,
20130,0111,,
20210,0112,,
20220,0112,,
20230,0112,,
20311,0122,,
20312,0122,,
20319,0122,,
20321,0122,,
20322,0122,,
20329,0122,,
20410,0121,,
20421,0121,,
20422,0121,,
20423,0121,,
20430,0121,,
20441,0121,,
20442,0121,,
20443,0121,,
20450,0121,,
20500,0124,,
20610,0125,,
20621,0125,,
20622,0125,,
20629,0125,,
20630,0125,,
20641,0125,,
20649,0125,,
20680,0125,,
20690,0125,,
20711,0123,,
20712,0123,,
20713,0123,,
20714,0123,,
20724,0123,,
20725,0123,,
20726,0123,,
20727,0123,,
20732,0123,,
20733,0123,,
20734,0123,,
20735,0123,,
20736,0123,,
20810,0129,,
20820,0129,,
20830,0129,,
20840,0129,,
20850,0129,,
20890,0129,,
20900,4113,,
21011,0161,,
21012,0161,,
21019,0161,,
21020,0168,,
21091,0168,,
21092,0168,,
21093,0168,,
21099,0168,,
30110,0341,,
30191,0341,,
30192,0341,,
30193,0341,,
30199,0341,,
30211,0341,,
30212,0341,,
30219,0341,,
30221,0341,,
30222,0341,,
30223,0341,,
30229,0341,,
30231,0341,,
30232,0341,,
30233,0341,,
30234,0341,,
30235,0341,,
30236,0341,,
30239,0341,,
30240,0341,,
30250,0341,,
30261,0341,,
30262,0341,,
30263,0341,,
30264,0341,,
30265,0341,,
30266,0341,,
30269,0341,,
30270,0341,,
30311,0342,,
30319,0342,,
30321,0342,,
30322,0342,,
30329,0342,,
30331,0342,,
30332,0342,,
30333,0342,,
30339,0342,,
30341,0342,,
30342,0342,,
30343,0342,,
30344,0342,,
30345,0342,,
30346,0342,,
30349,0342,,
30350,0342,,
30360,0342,,
30371,0342,,
30372,0342,,
30373,0342,,
30374,0342,,
30375,0342,,
30376,0342,,
30377,0342,,
30378,0342,,
30379,0342,,
30380,0342,,
30410,0345,,
30420,0344,,
30490,0345,,
30510,0355,,
30520,0354,,
30530,0351,,
30541,0353,,
30542,0353,,
30549,0353,,
30551,0351,,
30559,0351,,
30561,0352,,
30562,0352,,
30563,0352,,
30569,0352,,
30611,0361,,
30612,0361,,
30613,0361,,
30614,0361,,
30619,0361,,
30621,0362,,
30622,0362,,
30623,0362,,
30624,0362,,
30629,0362,,
30710,0363,,
30721,0363,,
30729,0363,,
30731,0363,,
30739,0363,,
30741,0363,,
30749,0363,,
30751,0363,,
30759,0363,,
30760,0129,,
30791,0363,,
30799,0363,,
40110,0221,,
40120,0221,,
40130,0221,,
40210,0222,,
40221,0222,,
40229,0222,,
40291,0222,,
40299,0222,,
40310,0223,,
40390,0223,,
40410,0224,,
40490,0224,,
40510,0230,,
40520,0230,,
40590,0230,,
40610,0249,,
40620,0241,,
40630,0242,,
40640,0243,,
40690,0249,,
40700,0251,,
40811,0252,,
40819,0252,,
40891,0252,,
40899,0252,,
40900,0616,,
41000,0989,,
50100,2919,,
50210,2919,,
50290,2919,,
50300,2685,,
50400,2919,,
50510,2919,,
50590,2919,,
50610,2911,,
50690,2911,,
50710,2911,,
50790,2911,,
50800,2911,,
50900,2919,,
51000,2919,,
51110,2919,,
51191,2919,,
51199,2919,,
60110,2926,,
60120,2926,,
60210,2926,,
60220,2926,,
60230,2926,,
60240,2926,,
60290,2926,,
60310,2927,,
60390,2927,,
60410,2927,,
60491,2927,,
60499,2927,,
70110,0541,,
70190,0541,,
70200,0544,,
70310,0545,,
70320,0545,,
70390,0545,,
70410,0545,,
70420,0545,,
70490,0545,,
70511,0545,,
70519,0545,,
70521,0545,,
70529,0545,,
70610,0545,,
70690,0545,,
70700,0545,,
70810,0545,,
70820,0545,,
70890,0545,,
70910,0545,,
70920,0545,,
70930,0545,,
70940,0545,,
70951,0545,,
70952,0545,,
70959,0545,,
70960,0545,,
70970,0545,,
70990,0545,,
71010,0546,,
71021,0546,,
71022,0546,,
71029,0546,,
71030,0546,,
71040,0546,,
71080,0546,,
71090,0546,,
71120,0547,,
71130,0547,,
71140,0547,,
71151,0547,,
71159,0547,,
71190,0547,,
71220,0561,,
71231,0561,,
71232,0561,,
71233,0561,,
71239,0561,,
71290,0561,,
71310,0542,,
71320,0542,,
71331,0542,,
71332,0542,,
71333,0542,,
71339,0542,,
71340,0542,,
71350,0542,,
71390,0542,,
71410,0548,,
71420,0548,,
71490,0548,,
80111,0577,,
80119,0577,,
80121,0577,,
80122,0577,,
80131,0577,,
80132,0577,,
80211,0577,,
80212,0577,,
80221,0577,,
80222,0577,,
80231,0577,,
80232,0577,,
80240,0577,,
80250,0577,,
80290,0577,,
80300,0573,,
80410,0579,,
80420,0576,,
80430,0579,,
80440,0579,,
80450,0579,,
80510,0571,,
80520,0571,,
80540,0572,,
80550,0572,,
80590,0572,,
80610,0575,,
80620,0575,,
80711,0579,,
80719,0579,,
80720,0579,,
80810,0574,,
80820,0579,,
80910,0579,,
80920,0579,,
80930,0579,,
80940,0579,,
81010,0579,,
81020,0579,,
81030,0579,,
81040,0579,,
81050,0579,,
81060,0579,,
81090,0579,,
81110,0583,,
81120,0583,,
81190,0583,,
81210,0582,,
81290,0582,,
81310,0579,,
81320,0579,,
81330,0579,,
81340,0579,,
81350,0579,,
81400,0582,,
90111,0711,,
90112,0711,,
90121,0712,,
90122,0712,,
90190,0713,,
90210,0741,,
90220,0741,,
90230,0741,,
90240,0741,,
90300,0743,,
90411,0751,,
90412,0751,,
90420,0751,,
90500,0752,,
90610,0752,,
90620,0752,,
90700,0752,,
90810,0752,,
90820,0752,,
90830,0752,,
90910,0752,,
90920,0752,,
90930,0752,,
90940,0752,,
90950,0752,,
91010,0752,,
91020,0752,,
91030,0752,,
91040,0752,,
91050,0752,,
91091,0752,,
91099,0752,,
100110,0411,,
100190,0412,,
100200,0451,,
100300,0430,,
100400,0452,,
100510,0441,,
100590,0449,,
100610,0421,,
100620,0422,,
100630,0423,,
100640,0423,,
100700,0453,,
100810,0459,,
100820,0459,,
100830,0459,,
100890,0459,,
110100,0461,,
110210,0471,,
110220,0471,,
110230,0471,,
110290,0471,,
110311,0462,,
110313,0472,,
110319,0472,,
110320,0462,,
110412,0481,,
110419,0481,,
110422,0481,,
110423,0481,,
110429,0481,,
110430,0481,,
110510,0564,,
110520,0564,,
110610,0564,,
110620,0564,,
110630,0564,,
110710,0482,,
110720,0482,,
110811,5921,,
110812,5921,,
110813,5921,,
110814,5921,,
110819,5921,,
110820,5921,,
110900,5921,,
120100,2222,,
120210,2221,,
120220,2221,,
120300,2231,,
120400,2234,,
120510,2226,,
120590,2226,,
120600,2224,,
120710,2232,,
120720,2223,,
120730,2235,,
120740,2225,,
120750,2226,,
120760,2227,,
120791,2237,,
120799,2237,,
120810,2239,,
120890,2239,,
120910,2925,,
120921,2925,,
120922,2925,,
120923,2925,,
120924,2925,,
120925,2925,,
120926,2925,,
120929,2925,,
120930,2925,,
120991,2925,,
120999,2925,,
121010,0548,,
121020,0548,,
121110,2924,,
121120,2924,,
121130,2924,,
121140,2924,,
121190,2924,,
121210,0548,,
121220,2929,,
121230,0548,,
121291,0548,,
121299,0548,,
121300,0811,,
121410,0811,,
121490,0811,,
130110,2922,,
130120,2922,,
130190,2922,,
130211,2929,,
130212,2929,,
130213,2929,,
130214,2929,,
130219,2929,,
130220,2929,,
130231,2929,,
130232,2929,,
130239,2929,,
140110,2923,,
140120,2923,,
140190,2923,,
140200,2929,,
140300,2929,,
140410,2929,,
140420,2632,,
140490,2929,,
150100,4112,,
150200,4113,,
150300,4113,,
150410,4111,,
150420,4111,,
150430,4111,,
150500,4113,,
150600,4113,,
150710,4211,,
150790,4211,,
150810,4213,,
150890,4213,,
150910,4214,,
150990,4214,,
151000,4214,,
151110,4222,,
151190,4222,,
151211,4215,,
151219,4215,,
151221,4212,,
151229,4212,,
151311,4223,,
151319,4223,,
151321,4224,,
151329,4224,,
151411,4217,,
151419,4217,,
151491,4217,,
151499,4217,,
151511,4221,,
151519,4221,,
151521,4216,,
151529,4216,,
151530,4225,,
151540,4229,,
151550,4218,,
151590,4229,,
151610,4312,,
151620,4312,,
151710,0910,,
151790,0910,,
151800,4311,,
152000,5122,,
152110,4314,,
152190,4314,,
152200,4313,,
160100,0172,,
160210,0981,,
160220,0173,,
160231,0174,,
160232,0174,,
160239,0174,,
160241,0175,,
160242,0175,,
160249,0175,,
160250,0176,,
160290,0179,,
160300,0171,,
160411,0371,,
160412,0371,,
160413,0371,,
160414,0371,,
160415,0371,,
160416,0371,,
160419,0371,,
160420,0371,,
160430,0371,,
160510,0372,,
160520,0372,,
160530,0372,,
160540,0372,,
160590,0372,,
170111,0611,,
170112,0611,,
170191,0612,,
170199,0612,,
170211,0619,,
170219,0619,,
170220,0619,,
170230,0619,,
170240,0619,,
170250,0619,,
170260,0619,,
170290,0619,,
170310,0615,,
170390,0615,,
170410,0622,,
170490,0622,,
180100,0721,,
180200,0725,,
180310,0723,,
180320,0723,,
180400,0724,,
180500,0722,,
180610,0731,,
180620,0732,,
180631,0733,,
180632,0733,,
180690,0739,,
190110,0989,,
190120,0485,,
190190,0989,,
190211,0483,,
190219,0483,,
190220,0989,,
190230,0989,,
190240,0989,,
190300,0564,,
190410,0481,,
190420,0481,,
190430,0481,,
190490,0481,,
190510,0484,,
190520,0484,,
190531,0484,,
190532,0484,,
190540,0484,,
190590,0484,,
200110,0567,,
200190,0567,,
200210,0567,,
200290,0567,,
200310,0567,,
200320,0567,,
200390,0567,,
200410,0566,,
200490,0566,,
200510,0981,,
200520,0567,,
200540,0567,,
200551,0567,,
200559,0567,,
200560,0567,,
200570,0567,,
200580,0567,,
200590,0567,,
200600,0621,,
200710,0981,,
200791,0581,,
200799,0581,,
200811,0589,,
200819,0589,,
200820,0589,,
200830,0589,,
200840,0589,,
200850,0589,,
200860,0589,,
200870,0589,,
200880,0589,,
200891,0589,,
200892,0589,,
200899,0589,,
200911,0591,,
200912,0591,,
200919,0591,,
200921,0592,,
200929,0592,,
200931,0593,,
200939,0593,,
200941,0599,,
200949,0599,,
200950,0599,,
200961,0599,,
200969,0599,,
200971,0599,,
200979,0599,,
200980,0599,,
200990,0599,,
210111,0713,,
210112,0713,,
210120,0743,,
210130,0713,,
210210,0986,,
210220,0986,,
210230,0986,,
210310,0984,,
210320,0984,,
210330,0984,,
210390,0984,,
210410,0985,,
210420,0981,,
210500,0223,,
210610,0989,,
210690,0989,,
220110,1110,,
220190,1110,,
220210,1110,,
220290,1110,,
220300,1123,,
220410,1121,,
220421,1121,,
220429,1121,,
220430,1121,,
220510,1121,,
220590,1121,,
220600,1122,,
220710,5121,,
220720,5121,,
220820,1124,,
220830,1124,,
220840,1124,,
220850,1124,,
220860,1124,,
220870,1124,,
220890,1124,,
220900,0984,,
230110,0814,,
230120,0814,,
230210,0812,,
230220,0812,,
230230,0812,,
230240,0812,,
230250,0812,,
230310,0815,,
230320,0815,,
230330,0815,,
230400,0813,,
230500,0813,,
230610,0813,,
230620,0813,,
230630,0813,,
230641,0813,,
230649,0813,,
230650,0813,,
230660,0813,,
230670,0813,,
230690,0813,,
230700,0819,,
230800,0811,,
230910,0819,,
230990,0819,,
240110,1211,,
240120,1212,,
240130,1213,,
240210,1221,,
240220,1222,,
240290,1223,,
240310,1223,,
240391,1223,,
240399,1223,,
250100,2783,,
250200,2742,,
250300,2741,,
250410,2782,,
250490,2782,,
250510,2733,,
250590,2733,,
250610,2785,,
250621,2785,,
250629,2785,,
250700,2782,,
250810,2782,,
250820,2782,,
250830,2782,,
250840,2782,,
250850,2782,,
250860,2782,,
250870,2782,,
250900,2789,,
251010,2723,,
251020,2723,,
251110,2789,,
251120,2789,,
251200,2789,,
251311,2772,,
251319,2772,,
251320,2772,,
251400,2731,,
251511,2731,,
251512,2731,,
251520,2731,,
251611,2731,,
251612,2731,,
251621,2731,,
251622,2731,,
251690,2731,,
251710,2734,,
251720,2734,,
251730,2734,,
251741,2734,,
251749,2734,,
251810,2782,,
251820,2782,,
251830,2782,,
251910,2782,,
251990,2782,,
252010,2732,,
252020,2732,,
252100,2732,,
252210,6611,,
252220,6611,,
252230,6611,,
252310,6612,,
252321,6612,,
252329,6612,,
252330,6612,,
252390,6612,,
252400,2784,,
252510,2785,,
252520,2785,,
252530,2785,,
252610,2789,,
252620,2789,,
252810,2789,,
252890,2789,,
252910,2785,,
252921,2785,,
252922,2785,,
252930,2785,,
253010,2789,,
253020,2789,,
253090,2789,,
260111,2815,,
260112,2816,,
260120,2814,,
260200,2877,,
260300,2831,,
260400,2841,,
260500,2879,,
260600,2851,,
260700,2874,,
260800,2875,,
260900,2876,,
261000,2879,,
261100,2879,,
261210,2861,,
261220,2862,,
261310,2878,,
261390,2878,,
261400,2878,,
261510,2878,,
261590,2878,,
261610,2891,,
261690,2891,,
261710,2879,,
261790,2879,,
261800,2786,,
261900,2786,,
262011,2881,,
262019,2881,,
262021,2881,,
262029,2881,,
262030,2881,,
262040,2881,,
262060,2881,,
262091,2881,,
262099,2881,,
262110,2786,,
262190,2786,,
270111,3211,,
270112,3212,,
270119,3212,,
270120,3221,,
270210,3222,,
270220,3222,,
270300,3223,,
270400,3250,,
270500,3450,,
270600,3352,,
270710,3352,,
270720,3352,,
270730,3352,,
270740,3352,,
270750,3352,,
270760,3352,,
270791,3352,,
270799,3352,,
270810,3353,,
270820,3353,,
270900,3330,,
271011,334,,
271019,334,,
271091,334,,
271099,334,,
271111,3431,,
271112,3421,,
271113,3425,,
271114,3441,,
271119,3442,,
271121,3432,,
271129,3449,,
271210,3351,,
271220,3351,,
271290,3351,,
271311,3354,,
271312,3354,,
271320,3354,,
271390,3354,,
271410,2789,,
271490,2789,,
271500,3354,,
271600,3510,,
280110,5222,,
280120,5222,,
280130,5222,,
280200,5222,,
280300,5221,,
280410,5222,,
280421,5222,,
280429,5222,,
280430,5222,,
280440,5222,,
280450,5222,,
280461,5222,,
280469,5222,,
280470,5222,,
280480,5222,,
280490,5222,,
280511,5222,,
280512,5222,,
280519,5222,,
280530,5222,,
280540,5222,,
280610,5223,,
280620,5223,,
280700,5223,,
280800,5223,,
280910,5223,,
280920,5223,,
281000,5223,,
281111,5223,,
281119,5223,,
281121,5223,,
281122,5223,,
281123,5223,,
281129,5223,,
281210,5224,,
281290,5224,,
281310,5224,,
281390,5224,,
281410,5226,,
281420,5226,,
281511,5226,,
281512,5226,,
281520,5226,,
281530,5226,,
281610,5226,,
281640,5226,,
281700,5225,,
281810,5226,,
281820,2852,,
281830,5226,,
281910,5225,,
281990,5225,,
282010,5225,,
282090,5225,,
282110,5225,,
282120,5225,,
282200,5225,,
282300,5225,,
282410,5225,,
282420,5225,,
282490,5225,,
282510,5226,,
282520,5226,,
282530,5226,,
282540,5226,,
282550,5226,,
282560,5226,,
282570,5226,,
282580,5226,,
282590,5226,,
282611,5231,,
282612,5231,,
282619,5231,,
282620,5231,,
282630,5231,,
282690,5231,,
282710,5232,,
282720,5232,,
282731,5232,,
282732,5232,,
282733,5232,,
282734,5232,,
282735,5232,,
282736,5232,,
282739,5232,,
282741,5232,,
282749,5232,,
282751,5232,,
282759,5232,,
282760,5232,,
282810,5233,,
282890,5233,,
282911,5233,,
282919,5233,,
282990,5233,,
283010,5234,,
283020,5234,,
283030,5234,,
283090,5234,,
283110,5234,,
283190,5234,,
283210,5234,,
283220,5234,,
283230,5234,,
283311,5234,,
283319,5234,,
283321,5234,,
283322,5234,,
283323,5234,,
283324,5234,,
283325,5234,,
283326,5234,,
283327,5234,,
283329,5234,,
283330,5234,,
283340,5234,,
283410,5235,,
283421,5235,,
283429,5235,,
283510,5236,,
283522,5236,,
283523,5236,,
283524,5236,,
283525,5236,,
283526,5236,,
283529,5236,,
283531,5236,,
283539,5236,,
283610,5237,,
283620,5237,,
283630,5237,,
283640,5237,,
283650,5237,,
283660,5237,,
283670,5237,,
283691,5237,,
283692,5237,,
283699,5237,,
283711,5238,,
283719,5238,,
283720,5238,,
283800,5238,,
283911,5238,,
283919,5238,,
283920,5238,,
283990,5238,,
284011,5238,,
284019,5238,,
284020,5238,,
284030,5238,,
284110,5243,,
284120,5243,,
284130,5243,,
284150,5243,,
284161,5243,,
284169,5243,,
284170,5243,,
284180,5243,,
284190,5243,,
284210,5238,,
284290,5238,,
284310,5243,,
284321,5243,,
284329,5243,,
284330,5243,,
284390,5243,,
284410,5251,,
284420,5251,,
284430,5251,,
284440,5251,,
284450,5251,,
284510,5259,,
284590,5259,,
284610,5259,,
284690,5259,,
284700,5249,,
284800,5249,,
284910,5249,,
284920,5249,,
284990,5249,,
285000,5249,,
285100,5249,,
290110,5111,,
290121,5111,,
290122,5111,,
290123,5111,,
290124,5111,,
290129,5111,,
290211,5112,,
290219,5112,,
290220,5112,,
290230,5112,,
290241,5112,,
290242,5112,,
290243,5112,,
290244,5112,,
290250,5112,,
290260,5112,,
290270,5112,,
290290,5112,,
290311,5113,,
290312,5113,,
290313,5113,,
290314,5113,,
290315,5113,,
290319,5113,,
290321,5113,,
290322,5113,,
290323,5113,,
290329,5113,,
290330,5113,,
290341,5113,,
290342,5113,,
290343,5113,,
290344,5113,,
290345,5113,,
290346,5113,,
290347,5113,,
290349,5113,,
290351,5113,,
290359,5113,,
290361,5113,,
290362,5113,,
290369,5113,,
290410,5114,,
290420,5114,,
290490,5114,,
290511,5121,,
290512,5121,,
290513,5121,,
290514,5121,,
290515,5121,,
290516,5121,,
290517,5121,,
290519,5121,,
290522,5121,,
290529,5121,,
290531,5122,,
290532,5122,,
290539,5122,,
290541,5122,,
290542,5122,,
290543,5122,,
290544,5122,,
290545,5122,,
290549,5122,,
290551,5122,,
290559,5122,,
290611,5123,,
290612,5123,,
290613,5123,,
290614,5123,,
290619,5123,,
290621,5123,,
290629,5123,,
290711,5124,,
290712,5124,,
290713,5124,,
290714,5124,,
290715,5124,,
290719,5124,,
290721,5124,,
290722,5124,,
290723,5124,,
290729,5124,,
290810,5124,,
290820,5124,,
290890,5124,,
290911,5161,,
290919,5161,,
290920,5161,,
290930,5161,,
290941,5161,,
290942,5161,,
290943,5161,,
290944,5161,,
290949,5161,,
290950,5161,,
290960,5161,,
291010,5161,,
291020,5161,,
291030,5161,,
291090,5161,,
291100,5161,,
291211,5162,,
291212,5162,,
291213,5162,,
291219,5162,,
291221,5162,,
291229,5162,,
291230,5162,,
291241,5162,,
291242,5162,,
291249,5162,,
291250,5162,,
291260,5162,,
291300,5162,,
291411,5162,,
291412,5162,,
291413,5162,,
291419,5162,,
291421,5162,,
291422,5162,,
291423,5162,,
291429,5162,,
291431,5162,,
291439,5162,,
291440,5162,,
291450,5162,,
291461,5162,,
291469,5162,,
291470,5162,,
291511,5137,,
291512,5137,,
291513,5137,,
291521,5137,,
291522,5137,,
291523,5137,,
291524,5137,,
291529,5137,,
291531,5137,,
291532,5137,,
291533,5137,,
291534,5137,,
291535,5137,,
291539,5137,,
291540,5137,,
291550,5137,,
291560,5137,,
291570,5137,,
291590,5137,,
291611,5137,,
291612,5137,,
291613,5137,,
291614,5137,,
291615,5137,,
291619,5137,,
291620,5137,,
291631,5137,,
291632,5137,,
291634,5137,,
291635,5137,,
291639,5137,,
291711,5138,,
291712,5138,,
291713,5138,,
291714,5138,,
291719,5138,,
291720,5138,,
291731,5138,,
291732,5138,,
291733,5138,,
291734,5138,,
291735,5138,,
291736,5138,,
291737,5138,,
291739,5138,,
291811,5139,,
291812,5139,,
291813,5139,,
291814,5139,,
291815,5139,,
291816,5139,,
291819,5139,,
291821,5139,,
291822,5139,,
291823,5139,,
291829,5139,,
291830,5139,,
291890,5139,,
291900,5163,,
292010,5163,,
292090,5163,,
292111,5145,,
292112,5145,,
292119,5145,,
292121,5145,,
292122,5145,,
292129,5145,,
292130,5145,,
292141,5145,,
292142,5145,,
292143,5145,,
292144,5145,,
292145,5145,,
292146,5145,,
292149,5145,,
292151,5145,,
292159,5145,,
292211,5146,,
292212,5146,,
292213,5146,,
292214,5146,,
292219,5146,,
292221,5146,,
292222,5146,,
292229,5146,,
292231,5146,,
292239,5146,,
292241,5146,,
292242,5146,,
292243,5146,,
292244,5146,,
292249,5146,,
292250,5146,,
292310,5148,,
292320,5148,,
292390,5148,,
292411,5147,,
292419,5147,,
292421,5147,,
292423,5147,,
292424,5147,,
292429,5147,,
292511,5148,,
292512,5148,,
292519,5148,,
292520,5148,,
292610,5148,,
292620,5148,,
292630,5148,,
292690,5148,,
292700,5148,,
292800,5148,,
292910,5148,,
292990,5148,,
293010,5154,,
293020,5154,,
293030,5154,,
293040,5154,,
293090,5154,,
293100,5155,,
293211,5156,,
293212,5156,,
293213,5156,,
293219,5156,,
293221,5156,,
293229,5156,,
293291,5156,,
293292,5156,,
293293,5156,,
293294,5156,,
293295,5156,,
293299,5156,,
293311,5157,,
293319,5157,,
293321,5157,,
293329,5157,,
293331,5157,,
293332,5157,,
293333,5157,,
293339,5157,,
293341,5157,,
293349,5157,,
293352,5157,,
293353,5157,,
293354,5157,,
293355,5157,,
293359,5157,,
293361,5157,,
293369,5157,,
293371,5156,,
293372,5156,,
293379,5156,,
293391,5157,,
293399,5157,,
293410,5157,,
293420,5157,,
293430,5157,,
293491,5157,,
293499,5157,,
293500,5158,,
293610,5411,,
293621,5411,,
293622,5411,,
293623,5411,,
293624,5411,,
293625,5411,,
293626,5411,,
293627,5411,,
293628,5411,,
293629,5411,,
293690,5411,,
293711,5415,,
293712,5415,,
293719,5415,,
293721,5415,,
293722,5415,,
293723,5415,,
293729,5415,,
293731,5415,,
293739,5415,,
293740,5415,,
293750,5139,,
293790,5415,,
293810,5416,,
293890,5416,,
293911,5414,,
293919,5414,,
293921,5414,,
293929,5414,,
293930,5414,,
293941,5414,,
293942,5414,,
293943,5414,,
293949,5414,,
293951,5414,,
293959,5414,,
293961,5414,,
293962,5414,,
293963,5414,,
293969,5414,,
293991,5414,,
293999,5414,,
294000,5169,,
294110,5413,,
294120,5413,,
294130,5413,,
294140,5413,,
294150,5413,,
294190,5413,,
294200,5169,,
300110,5416,,
300120,5416,,
300190,5416,,
300210,5416,,
300220,5416,,
300230,5416,,
300290,5416,,
300310,5421,,
300320,5421,,
300331,5422,,
300339,5422,,
300340,5423,,
300390,5429,,
300410,5421,,
300420,5421,,
300431,5422,,
300432,5422,,
300439,5422,,
300440,5423,,
300450,5429,,
300490,5429,,
300510,5419,,
300590,5419,,
300610,5419,,
300620,5419,,
300630,5419,,
300640,5419,,
300650,5419,,
300660,5419,,
300670,5989,,
300680,5419,,
310100,2721,,
310210,5621,,
310221,5621,,
310229,5621,,
310230,5621,,
310240,5621,,
310250,2722,,
310260,5621,,
310270,5621,,
310280,5621,,
310290,5621,,
310310,5622,,
310320,5622,,
310390,5622,,
310410,2724,,
310420,5623,,
310430,5623,,
310490,5623,,
310510,5629,,
310520,5629,,
310530,5629,,
310540,5629,,
310551,5629,,
310559,5629,,
310560,5629,,
310590,5629,,
320110,5322,,
320120,5322,,
320190,5322,,
320210,5323,,
320290,5323,,
320300,5322,,
320411,5311,,
320412,5311,,
320413,5311,,
320414,5311,,
320415,5311,,
320416,5311,,
320417,5311,,
320419,5311,,
320420,5312,,
320490,5312,,
320500,5312,,
320611,5331,,
320619,5331,,
320620,5331,,
320630,5331,,
320641,5331,,
320642,5331,,
320643,5331,,
320649,5331,,
320650,5331,,
320710,5335,,
320720,5335,,
320730,5335,,
320740,5335,,
320810,5334,,
320820,5334,,
320890,5334,,
320910,5334,,
320990,5334,,
321000,5334,,
321100,5335,,
321210,5334,,
321290,5334,,
321310,5335,,
321390,5335,,
321410,5335,,
321490,5335,,
321511,5332,,
321519,5332,,
321590,8959,,
330111,5513,,
330112,5513,,
330113,5513,,
330114,5513,,
330119,5513,,
330121,5513,,
330122,5513,,
330123,5513,,
330124,5513,,
330125,5513,,
330126,5513,,
330129,5513,,
330130,5513,,
330190,5513,,
330210,5514,,
330290,5514,,
330300,5531,,
330410,5532,,
330420,5532,,
330430,5532,,
330491,5532,,
330499,5532,,
330510,5533,,
330520,5533,,
330530,5533,,
330590,5533,,
330610,5534,,
330620,5534,,
330690,5534,,
330710,5535,,
330720,5535,,
330730,5535,,
330741,5535,,
330749,5535,,
330790,5535,,
340111,5541,,
340119,5541,,
340120,5541,,
340130,5542,,
340211,5542,,
340212,5542,,
340213,5542,,
340219,5542,,
340220,5542,,
340290,5542,,
340311,5977,,
340319,5977,,
340391,5977,,
340399,5977,,
340410,5983,,
340420,5983,,
340490,5983,,
340510,5543,,
340520,5543,,
340530,5543,,
340540,5543,,
340590,5543,,
340600,8993,,
340700,5989,,
350110,5922,,
350190,5922,,
350211,0253,,
350219,0253,,
350220,5922,,
350290,5922,,
350300,5922,,
350400,5922,,
350510,5922,,
350520,5922,,
350610,5922,,
350691,5922,,
350699,5922,,
350710,5169,,
350790,5169,,
360100,5931,,
360200,5931,,
360300,5932,,
360410,5933,,
360490,5933,,
360500,8993,,
360610,8993,,
360690,8993,,
370110,8822,,
370120,8822,,
370130,8822,,
370191,8822,,
370199,8822,,
370210,8823,,
370220,8823,,
370231,8823,,
370232,8823,,
370239,8823,,
370241,8823,,
370242,8823,,
370243,8823,,
370244,8823,,
370251,8823,,
370252,8823,,
370253,8823,,
370254,8823,,
370255,8823,,
370256,8823,,
370291,8823,,
370293,8823,,
370294,8823,,
370295,8823,,
370310,8824,,
370320,8824,,
370390,8824,,
370400,8825,,
370510,8826,,
370520,8826,,
370590,8826,,
370610,8831,,
370690,8839,,
370710,8821,,
370790,8821,,
380110,5986,,
380120,5986,,
380130,5986,,
380190,5986,,
380210,5986,,
380290,5986,,
380300,5981,,
380400,5981,,
380510,5981,,
380520,5981,,
380590,5981,,
380610,5981,,
380620,5981,,
380630,5981,,
380690,5981,,
380700,5981,,
380810,5911,,
380820,5912,,
380830,5913,,
380840,5914,,
380890,5914,,
380910,5989,,
380991,5989,,
380992,5989,,
380993,5989,,
381010,5989,,
381090,5989,,
381111,5972,,
381119,5972,,
381121,5972,,
381129,5972,,
381190,5972,,
381210,5986,,
381220,5989,,
381230,5989,,
381300,5989,,
381400,5335,,
381511,5988,,
381512,5988,,
381519,5988,,
381590,5988,,
381600,6623,,
381700,5984,,
381800,5985,,
381900,5973,,
382000,5973,,
382100,5986,,
382200,5986,,
382311,4313,,
382312,4313,,
382313,4313,,
382319,4313,,
382370,5121,,
382410,5989,,
382420,5989,,
382430,5989,,
382440,5989,,
382450,5989,,
382460,5989,,
382471,5989,,
382479,5989,,
382490,5989,,
382510,5989,,
382520,5989,,
382530,8722,,
382541,5989,,
382549,5989,,
382550,5989,,
382561,5989,,
382569,5989,,
382590,5989,,
390110,5711,,
390120,5711,,
390130,5712,,
390190,5719,,
390210,5751,,
390220,5751,,
390230,5751,,
390290,5751,,
390311,5721,,
390319,5721,,
390320,5729,,
390330,5729,,
390390,5729,,
390410,5731,,
390421,5731,,
390422,5731,,
390430,5739,,
390440,5739,,
390450,5739,,
390461,5739,,
390469,5739,,
390490,5739,,
390512,5759,,
390519,5759,,
390521,5759,,
390529,5759,,
390530,5759,,
390591,5759,,
390599,5759,,
390610,5752,,
390690,5752,,
390710,5741,,
390720,5741,,
390730,5742,,
390740,5743,,
390750,5743,,
390760,5743,,
390791,5743,,
390799,5743,,
390810,5753,,
390890,5753,,
390910,5754,,
390920,5754,,
390930,5754,,
390940,5754,,
390950,5754,,
391000,5759,,
391110,5759,,
391190,5759,,
391211,5755,,
391212,5755,,
391220,5755,,
391231,5755,,
391239,5755,,
391290,5755,,
391310,5759,,
391390,5759,,
391400,5759,,
391510,5791,,
391520,5792,,
391530,5793,,
391590,5799,,
391610,5831,,
391620,5832,,
391690,5839,,
391710,5811,,
391721,5812,,
391722,5812,,
391723,5812,,
391729,5812,,
391731,5813,,
391732,5814,,
391733,5815,,
391739,5816,,
391740,5817,,
391810,8933,,
391890,8933,,
391910,5821,,
391990,5821,,
392010,5822,,
392020,5822,,
392030,5822,,
392043,5822,,
392049,5822,,
392051,5822,,
392059,5822,,
392061,5822,,
392062,5822,,
392063,5822,,
392069,5822,,
392071,5822,,
392072,5822,,
392073,5822,,
392079,5822,,
392091,5822,,
392092,5822,,
392093,5822,,
392094,5822,,
392099,5822,,
392111,5829,,
392112,5829,,
392113,5829,,
392114,5829,,
392119,5829,,
392190,5829,,
392210,8932,,
392220,8932,,
392290,8932,,
392310,8931,,
392321,8931,,
392329,8931,,
392330,8931,,
392340,8931,,
392350,8931,,
392390,8931,,
392410,8933,,
392490,8933,,
392510,8932,,
392520,8932,,
392530,8932,,
392590,8932,,
392610,8939,,
392620,8482,,
392630,8939,,
392640,8939,,
392690,8939,,
400110,2311,,
400121,2312,,
400122,2312,,
400129,2312,,
400130,2313,,
400211,2321,,
400219,2321,,
400220,2321,,
400231,2321,,
400239,2321,,
400241,2321,,
400249,2321,,
400251,2321,,
400259,2321,,
400260,2321,,
400270,2321,,
400280,2321,,
400291,2321,,
400299,2321,,
400300,2322,,
400400,2322,,
400510,6211,,
400520,6211,,
400591,6211,,
400599,6211,,
400610,6212,,
400690,6212,,
400700,6213,,
400811,6213,,
400819,6213,,
400821,6213,,
400829,6213,,
400911,6214,,
400912,6214,,
400921,6214,,
400922,6214,,
400931,6214,,
400932,6214,,
400941,6214,,
400942,6214,,
401011,6292,,
401012,6292,,
401013,6292,,
401019,6292,,
401031,6292,,
401032,6292,,
401033,6292,,
401034,6292,,
401035,6292,,
401036,6292,,
401039,6292,,
401110,6251,,
401120,6252,,
401130,6253,,
401140,6254,,
401150,6254,,
401161,6255,,
401162,6255,,
401163,6255,,
401169,6255,,
401192,6255,,
401193,6255,,
401194,6255,,
401199,6255,,
401211,6259,,
401212,6259,,
401213,6259,,
401219,6259,,
401220,6259,,
401290,6259,,
401310,6259,,
401320,6259,,
401390,6259,,
401410,6291,,
401490,6291,,
401511,8482,,
401519,8482,,
401590,8482,,
401610,6299,,
401691,6299,,
401692,6299,,
401693,6299,,
401694,6299,,
401695,6299,,
401699,6299,,
401700,6299,,
410120,2112,,
410150,2111,,
410190,2111,,
410210,2116,,
410221,2117,,
410229,2117,,
410310,2114,,
410320,2119,,
410330,2119,,
410390,2119,,
410411,6114,,
410419,6114,,
410441,6114,,
410449,6114,,
410510,6115,,
410530,6115,,
410621,6116,,
410622,6116,,
410631,6117,,
410632,6117,,
410640,6117,,
410691,6117,,
410692,6117,,
410711,6114,,
410712,6114,,
410719,6114,,
410791,6114,,
410792,6114,,
410799,6114,,
411200,6115,,
411310,6116,,
411320,6117,,
411330,6117,,
411390,6117,,
411410,6118,,
411420,6118,,
411510,6112,,
411520,2119,,
420100,6122,,
420211,8312,,
420212,8312,,
420219,8312,,
420221,8311,,
420222,8311,,
420229,8311,,
420231,8319,,
420232,8319,,
420239,8319,,
420291,8319,,
420292,8319,,
420299,8319,,
420310,8481,,
420321,8947,,
420329,8481,,
420330,8481,,
420340,8481,,
420400,6121,,
420500,6129,,
420610,8999,,
420690,8999,,
430110,2121,,
430130,2122,,
430160,2122,,
430170,2122,,
430180,2122,,
430190,2123,,
430211,6131,,
430213,6131,,
430219,6131,,
430220,6132,,
430230,6133,,
430310,8483,,
430390,8483,,
430400,8483,,
440110,2450,,
440121,2461,,
440122,2461,,
440130,2462,,
440200,2450,,
440310,2473,,
440320,2474,,
440341,2475,,
440349,2475,,
440391,2475,,
440392,2475,,
440399,2475,,
440410,6349,,
440420,6349,,
440500,6349,,
440610,2481,,
440690,2481,,
440710,2482,,
440724,2484,,
440725,2484,,
440726,2484,,
440729,2484,,
440791,2484,,
440792,2484,,
440799,2484,,
440810,6341,,
440831,6341,,
440839,6341,,
440890,6341,,
440910,2483,,
440920,2485,,
441021,6342,,
441029,6342,,
441031,6342,,
441032,6342,,
441033,6342,,
441039,6342,,
441090,6342,,
441111,6345,,
441119,6345,,
441121,6345,,
441129,6345,,
441131,6345,,
441139,6345,,
441191,6345,,
441199,6345,,
441213,6343,,
441214,6343,,
441219,6343,,
441222,6344,,
441223,6344,,
441229,6344,,
441292,6344,,
441293,6344,,
441299,6344,,
441300,6342,,
441400,6354,,
441510,6351,,
441520,6351,,
441600,6352,,
441700,6359,,
441810,6353,,
441820,6353,,
441830,6353,,
441840,6353,,
441850,6353,,
441890,6353,,
441900,6354,,
442010,6354,,
442090,6354,,
442110,6359,,
442190,6359,,
450110,2440,,
450190,2440,,
450200,2440,,
450310,6331,,
450390,6331,,
450410,6332,,
450490,6332,,
460120,8997,,
460191,8997,,
460199,8997,,
460210,8997,,
460290,8997,,
470100,2512,,
470200,2513,,
470311,2514,,
470319,2514,,
470321,2515,,
470329,2515,,
470411,2516,,
470419,2516,,
470421,2516,,
470429,2516,,
470500,2519,,
470610,2519,,
470620,2519,,
470691,2519,,
470692,2519,,
470693,2519,,
470710,2511,,
470720,2511,,
470730,2511,,
470790,2511,,
480100,6411,,
480210,6412,,
480220,6412,,
480230,6412,,
480240,6412,,
480254,6412,,
480255,6412,,
480256,6412,,
480257,6412,,
480258,6412,,
480261,6412,,
480262,6412,,
480269,6412,,
480300,6416,,
480411,6414,,
480419,6414,,
480421,6414,,
480429,6414,,
480431,6414,,
480439,6414,,
480441,6414,,
480442,6414,,
480449,6414,,
480451,6414,,
480452,6414,,
480459,6414,,
480511,6415,,
480512,6415,,
480519,6415,,
480524,6415,,
480525,6415,,
480530,6415,,
480540,6415,,
480550,6415,,
480591,6415,,
480592,6415,,
480593,6415,,
480610,6415,,
480620,6415,,
480630,6415,,
480640,6415,,
480700,6419,,
480810,6416,,
480820,6416,,
480830,6416,,
480890,6416,,
480910,6413,,
480920,6413,,
480990,6413,,
481013,6413,,
481014,6413,,
481019,6413,,
481022,6413,,
481029,6413,,
481031,6417,,
481032,6417,,
481039,6417,,
481092,6417,,
481099,6417,,
481110,6417,,
481141,6417,,
481149,6417,,
481151,6417,,
481159,6417,,
481160,6417,,
481190,6417,,
481200,6419,,
481310,6424,,
481320,6424,,
481390,6415,,
481410,6419,,
481420,6419,,
481430,6419,,
481490,6419,,
481500,6591,,
481610,6424,,
481620,6424,,
481630,6424,,
481690,6424,,
481710,6422,,
481720,6422,,
481730,6422,,
481810,6424,,
481820,6429,,
481830,6429,,
481840,6429,,
481850,6429,,
481890,6429,,
481910,6421,,
481920,6421,,
481930,6421,,
481940,6421,,
481950,6421,,
481960,6421,,
482010,6423,,
482020,6423,,
482030,6423,,
482040,6423,,
482050,6423,,
482090,6423,,
482110,8928,,
482190,8928,,
482210,6429,,
482290,6429,,
482312,6424,,
482319,6424,,
482320,6424,,
482340,6429,,
482360,6429,,
482370,6429,,
482390,641,,
490110,8921,,
490191,8921,,
490199,8921,,
490210,8922,,
490290,8922,,
490300,8921,,
490400,8928,,
490510,8921,,
490591,8921,,
490599,8921,,
490600,8928,,
490700,8928,,
490810,8924,,
490890,8924,,
490900,8924,,
491000,8928,,
491110,8928,,
491191,8928,,
491199,8928,,
500100,2614,,
500200,2613,,
500310,2614,,
500390,2614,,
500400,6519,,
500500,6519,,
500600,6519,,
500710,6541,,
500720,6541,,
500790,6541,,
510111,2681,,
510119,2681,,
510121,2682,,
510129,2682,,
510130,2682,,
510211,2683,,
510219,2683,,
510220,2685,,
510310,2686,,
510320,2686,,
510330,2686,,
510400,2686,,
510510,2687,,
510521,2687,,
510529,2687,,
510531,2687,,
510539,2687,,
510540,2687,,
510610,6511,,
510620,6511,,
510710,6511,,
510720,6511,,
510810,6511,,
510820,6511,,
510910,6511,,
510990,6511,,
511000,6511,,
511111,6542,,
511119,6542,,
511120,6543,,
511130,6543,,
511190,6543,,
511211,6542,,
511219,6542,,
511220,6543,,
511230,6543,,
511290,6543,,
511300,6549,,
520100,2631,,
520210,2633,,
520291,2633,,
520299,2633,,
520300,2634,,
520411,6512,,
520419,6512,,
520420,6512,,
520511,6513,,
520512,6513,,
520513,6513,,
520514,6513,,
520515,6513,,
520521,6513,,
520522,6513,,
520523,6513,,
520524,6513,,
520526,6513,,
520527,6513,,
520528,6513,,
520531,6513,,
520532,6513,,
520533,6513,,
520534,6513,,
520535,6513,,
520541,6513,,
520542,6513,,
520543,6513,,
520544,6513,,
520546,6513,,
520547,6513,,
520548,6513,,
520611,6513,,
520612,6513,,
520613,6513,,
520614,6513,,
520615,6513,,
520621,6513,,
520622,6513,,
520623,6513,,
520624,6513,,
520625,6513,,
520631,6513,,
520632,6513,,
520633,6513,,
520634,6513,,
520635,6513,,
520641,6513,,
520642,6513,,
520643,6513,,
520644,6513,,
520645,6513,,
520710,6513,,
520790,6513,,
520811,6522,,
520812,6522,,
520813,6522,,
520819,6522,,
520821,6523,,
520822,6523,,
520823,6523,,
520829,6523,,
520831,6523,,
520832,6523,,
520833,6523,,
520839,6523,,
520841,6523,,
520842,6523,,
520843,6523,,
520849,6523,,
520851,6523,,
520852,6523,,
520853,6523,,
520859,6523,,
520911,6522,,
520912,6522,,
520919,6522,,
520921,6524,,
520922,6524,,
520929,6524,,
520931,6524,,
520932,6524,,
520939,6524,,
520941,6524,,
520942,6524,,
520943,6524,,
520949,6524,,
520951,6524,,
520952,6524,,
520959,6524,,
521011,6522,,
521012,6522,,
521019,6522,,
521021,6525,,
521022,6525,,
521029,6525,,
521031,6525,,
521032,6525,,
521039,6525,,
521041,6525,,
521042,6525,,
521049,6525,,
521051,6525,,
521052,6525,,
521059,6525,,
521111,6522,,
521112,6522,,
521119,6522,,
521121,6526,,
521122,6526,,
521129,6526,,
521131,6526,,
521132,6526,,
521139,6526,,
521141,6526,,
521142,6526,,
521143,6526,,
521149,6526,,
521151,6526,,
521152,6526,,
521159,6526,,
521211,6522,,
521212,6529,,
521213,6529,,
521214,6529,,
521215,6529,,
521221,6522,,
521222,6529,,
521223,6529,,
521224,6529,,
521225,6529,,
530110,2651,,
530121,2651,,
530129,2651,,
530130,2651,,
530210,2652,,
530290,2652,,
530310,2641,,
530390,2649,,
530410,2654,,
530490,2654,,
530511,2657,,
530519,2657,,
530521,2655,,
530529,2655,,
530590,2658,,
530610,6519,,
530620,6519,,
530710,6519,,
530720,6519,,
530810,6519,,
530820,6519,,
530890,6519,,
530911,6544,,
530919,6544,,
530921,6544,,
530929,6544,,
531010,6545,,
531090,6545,,
531100,6549,,
540110,6514,,
540120,6514,,
540210,6516,,
540220,6516,,
540231,6515,,
540232,6515,,
540233,6515,,
540239,6515,,
540241,6516,,
540242,6516,,
540243,6516,,
540249,6516,,
540251,6516,,
540252,6516,,
540259,6516,,
540261,6516,,
540262,6516,,
540269,6516,,
540310,6517,,
540320,6517,,
540331,6517,,
540332,6517,,
540333,6517,,
540339,6517,,
540341,6517,,
540342,6517,,
540349,6517,,
540410,6518,,
540490,6518,,
540500,6517,,
540610,6516,,
540620,6517,,
540710,6531,,
540720,6531,,
540730,6531,,
540741,6531,,
540742,6531,,
540743,6531,,
540744,6531,,
540751,6531,,
540752,6531,,
540753,6531,,
540754,6531,,
540761,6531,,
540769,6531,,
540771,6531,,
540772,6531,,
540773,6531,,
540774,6531,,
540781,6531,,
540782,6531,,
540783,6531,,
540784,6531,,
540791,6531,,
540792,6531,,
540793,6531,,
540794,6531,,
540810,6535,,
540821,6535,,
540822,6535,,
540823,6535,,
540824,6535,,
540831,6535,,
540832,6535,,
540833,6535,,
540834,6535,,
550110,2666,,
550120,2666,,
550130,2666,,
550190,2666,,
550200,2671,,
550310,2665,,
550320,2665,,
550330,2665,,
550340,2665,,
550390,2665,,
550410,2671,,
550490,2671,,
550510,2672,,
550520,2672,,
550610,2667,,
550620,2667,,
550630,2667,,
550690,2667,,
550700,2671,,
550810,6514,,
550820,6514,,
550911,6518,,
550912,6518,,
550921,6518,,
550922,6518,,
550931,6518,,
550932,6518,,
550941,6518,,
550942,6518,,
550951,6518,,
550952,6518,,
550953,6518,,
550959,6518,,
550961,6518,,
550962,6518,,
550969,6518,,
550991,6518,,
550992,6518,,
550999,6518,,
551011,6518,,
551012,6518,,
551020,6518,,
551030,6518,,
551090,6518,,
551110,6518,,
551120,6518,,
551130,6518,,
551211,6532,,
551219,6532,,
551221,6532,,
551229,6532,,
551291,6532,,
551299,6532,,
551311,6533,,
551312,6533,,
551313,6533,,
551319,6533,,
551321,6533,,
551322,6533,,
551323,6533,,
551329,6533,,
551331,6533,,
551332,6533,,
551333,6533,,
551339,6533,,
551341,6533,,
551342,6533,,
551343,6533,,
551349,6533,,
551411,6533,,
551412,6533,,
551413,6533,,
551419,6533,,
551421,6533,,
551422,6533,,
551423,6533,,
551429,6533,,
551431,6533,,
551432,6533,,
551433,6533,,
551439,6533,,
551441,6533,,
551442,6533,,
551443,6533,,
551449,6533,,
551511,6534,,
551512,6534,,
551513,6534,,
551519,6534,,
551521,6534,,
551522,6534,,
551529,6534,,
551591,6534,,
551592,6534,,
551599,6534,,
551611,6536,,
551612,6536,,
551613,6536,,
551614,6536,,
551621,6538,,
551622,6538,,
551623,6538,,
551624,6538,,
551631,6538,,
551632,6538,,
551633,6538,,
551634,6538,,
551641,6538,,
551642,6538,,
551643,6538,,
551644,6538,,
551691,6538,,
551692,6538,,
551693,6538,,
551694,6538,,
560110,6577,,
560121,6577,,
560122,6577,,
560129,6577,,
560130,6577,,
560210,6571,,
560221,6571,,
560229,6571,,
560290,6571,,
560311,6572,,
560312,6572,,
560313,6572,,
560314,6572,,
560391,6572,,
560392,6572,,
560393,6572,,
560394,6572,,
560410,6578,,
560420,6578,,
560490,6578,,
560500,6519,,
560600,6563,,
560710,6575,,
560721,6575,,
560729,6575,,
560741,6575,,
560749,6575,,
560750,6575,,
560790,6575,,
560811,6575,,
560819,6575,,
560890,6575,,
560900,6575,,
570110,6592,,
570190,6592,,
570210,6593,,
570220,6595,,
570231,6595,,
570232,6595,,
570239,6595,,
570241,6595,,
570242,6595,,
570249,6595,,
570251,6595,,
570252,6595,,
570259,6595,,
570291,6595,,
570292,6595,,
570299,6595,,
570310,6594,,
570320,6594,,
570330,6594,,
570390,6594,,
570410,6596,,
570490,6596,,
570500,6596,,
580110,6543,,
580121,6521,,
580122,6521,,
580123,6521,,
580124,6521,,
580125,6521,,
580126,6521,,
580131,6539,,
580132,6539,,
580133,6539,,
580134,6539,,
580135,6539,,
580136,6539,,
580190,6549,,
580211,6521,,
580219,6521,,
580220,6549,,
580230,6549,,
580310,6521,,
580390,6549,,
580410,6564,,
580421,6564,,
580429,6564,,
580430,6564,,
580500,6589,,
580610,6561,,
580620,6561,,
580631,6561,,
580632,6561,,
580639,6561,,
580640,6561,,
580710,6562,,
580790,6562,,
580810,6563,,
580890,6563,,
580900,6549,,
581010,6565,,
581091,6565,,
581092,6565,,
581099,6565,,
581100,6574,,
590110,6573,,
590190,6573,,
590210,6579,,
590220,6579,,
590290,6579,,
590310,6573,,
590320,6573,,
590390,6573,,
590410,6591,,
590490,6591,,
590500,6573,,
590610,6573,,
590691,6573,,
590699,6573,,
590700,6573,,
590800,6577,,
590900,6579,,
591000,6579,,
591110,6577,,
591120,6577,,
591131,6577,,
591132,6577,,
591140,6577,,
591190,6577,,
600110,6551,,
600121,6551,,
600122,6551,,
600129,6551,,
600191,6551,,
600192,6551,,
600199,6551,,
600240,6552,,
600290,6552,,
600310,6552,,
600320,6552,,
600330,6552,,
600340,6552,,
600390,6552,,
600410,6552,,
600490,6552,,
600510,6552,,
600521,6552,,
600522,6552,,
600523,6552,,
600524,6552,,
600531,6552,,
600532,6552,,
600533,6552,,
600534,6552,,
600541,6552,,
600542,6552,,
600543,6552,,
600544,6552,,
600590,6552,,
600610,6552,,
600621,6552,,
600622,6552,,
600623,6552,,
600624,6552,,
600631,6552,,
600632,6552,,
600633,6552,,
600634,6552,,
600641,6552,,
600642,6552,,
600643,6552,,
600644,6552,,
600690,6552,,
610110,8431,,
610120,8431,,
610130,8431,,
610190,8431,,
610210,8441,,
610220,8441,,
610230,8441,,
610290,8441,,
610311,8432,,
610312,8432,,
610319,8432,,
610321,8432,,
610322,8432,,
610323,8432,,
610329,8432,,
610331,8432,,
610332,8432,,
610333,8432,,
610339,8432,,
610341,8432,,
610342,8432,,
610343,8432,,
610349,8432,,
610411,8442,,
610412,8442,,
610413,8442,,
610419,8442,,
610421,8442,,
610422,8442,,
610423,8442,,
610429,8442,,
610431,8442,,
610432,8442,,
610433,8442,,
610439,8442,,
610441,8442,,
610442,8442,,
610443,8442,,
610444,8442,,
610449,8442,,
610451,8442,,
610452,8442,,
610453,8442,,
610459,8442,,
610461,8442,,
610462,8442,,
610463,8442,,
610469,8442,,
610510,8437,,
610520,8437,,
610590,8437,,
610610,8447,,
610620,8447,,
610690,8447,,
610711,8438,,
610712,8438,,
610719,8438,,
610721,8438,,
610722,8438,,
610729,8438,,
610791,8438,,
610792,8438,,
610799,8438,,
610811,8448,,
610819,8448,,
610821,8448,,
610822,8448,,
610829,8448,,
610831,8448,,
610832,8448,,
610839,8448,,
610891,8448,,
610892,8448,,
610899,8448,,
610910,8454,,
610990,8454,,
611011,8453,,
611012,8453,,
611019,8453,,
611020,8453,,
611030,8453,,
611090,8453,,
611110,8451,,
611120,8451,,
611130,8451,,
611190,8451,,
611211,8459,,
611212,8459,,
611219,8459,,
611220,8459,,
611231,8456,,
611239,8456,,
611241,8456,,
611249,8456,,
611300,8452,,
611410,8459,,
611420,8459,,
611430,8459,,
611490,8459,,
611511,8462,,
611512,8462,,
611519,8462,,
611520,8462,,
611591,8462,,
611592,8462,,
611593,8462,,
611599,8462,,
611610,8469,,
611691,8469,,
611692,8469,,
611693,8469,,
611699,8469,,
611710,8469,,
611720,8469,,
611780,8469,,
611790,8469,,
620111,8411,,
620112,8411,,
620113,8411,,
620119,8411,,
620191,8411,,
620192,8411,,
620193,8411,,
620199,8411,,
620211,8421,,
620212,8421,,
620213,8421,,
620219,8421,,
620291,8421,,
620292,8421,,
620293,8421,,
620299,8421,,
620311,8412,,
620312,8412,,
620319,8412,,
620321,8412,,
620322,8412,,
620323,8412,,
620329,8412,,
620331,8413,,
620332,8413,,
620333,8413,,
620339,8413,,
620341,8414,,
620342,8414,,
620343,8414,,
620349,8414,,
620411,8422,,
620412,8422,,
620413,8422,,
620419,8422,,
620421,8422,,
620422,8422,,
620423,8422,,
620429,8422,,
620431,8423,,
620432,8423,,
620433,8423,,
620439,8423,,
620441,8424,,
620442,8424,,
620443,8424,,
620444,8424,,
620449,8424,,
620451,8425,,
620452,8425,,
620453,8425,,
620459,8425,,
620461,8426,,
620462,8426,,
620463,8426,,
620469,8426,,
620510,8415,,
620520,8415,,
620530,8415,,
620590,8415,,
620610,8427,,
620620,8427,,
620630,8427,,
620640,8427,,
620690,8427,,
620711,8416,,
620719,8416,,
620721,8416,,
620722,8416,,
620729,8416,,
620791,8416,,
620792,8416,,
620799,8416,,
620811,8428,,
620819,8428,,
620821,8428,,
620822,8428,,
620829,8428,,
620891,8428,,
620892,8428,,
620899,8428,,
620910,8451,,
620920,8451,,
620930,8451,,
620990,8451,,
621010,8452,,
621020,8452,,
621030,8452,,
621040,8452,,
621050,8452,,
621111,8456,,
621112,8456,,
621120,8458,,
621131,8458,,
621132,8458,,
621133,8458,,
621139,8458,,
621141,8458,,
621142,8458,,
621143,8458,,
621149,8458,,
621210,8455,,
621220,8455,,
621230,8455,,
621290,8455,,
621310,8461,,
621320,8461,,
621390,8461,,
621410,8461,,
621420,8461,,
621430,8461,,
621440,8461,,
621490,8461,,
621510,8461,,
621520,8461,,
621590,8461,,
621600,8461,,
621710,8461,,
621790,8461,,
630110,7758,,
630120,6583,,
630130,6583,,
630140,6583,,
630190,6583,,
630210,6584,,
630221,6584,,
630222,6584,,
630229,6584,,
630231,6584,,
630232,6584,,
630239,6584,,
630240,6584,,
630251,6584,,
630252,6584,,
630253,6584,,
630259,6584,,
630260,6584,,
630291,6584,,
630292,6584,,
630293,6584,,
630299,6584,,
630311,6585,,
630312,6585,,
630319,6585,,
630391,6585,,
630392,6585,,
630399,6585,,
630411,6585,,
630419,6585,,
630491,6585,,
630492,6585,,
630493,6585,,
630499,6585,,
630510,6581,,
630520,6581,,
630532,6581,,
630533,6581,,
630539,6581,,
630590,6581,,
630611,6582,,
630612,6582,,
630619,6582,,
630621,6582,,
630622,6582,,
630629,6582,,
630631,6582,,
630639,6582,,
630641,6582,,
630649,6582,,
630691,6582,,
630699,6582,,
630710,6589,,
630720,6589,,
630790,6589,,
630800,6589,,
630900,2690,,
631010,2690,,
631090,2690,,
640110,8511,,
640191,8513,,
640192,8513,,
640199,8513,,
640212,8512,,
640219,8512,,
640220,8513,,
640230,8511,,
640291,8513,,
640299,8513,,
640312,8512,,
640319,8512,,
640320,8514,,
640330,8514,,
640340,8511,,
640351,8514,,
640359,8514,,
640391,8514,,
640399,8514,,
640411,8512,,
640419,8515,,
640420,8515,,
640510,8514,,
640520,8515,,
640590,8517,,
640610,8519,,
640620,8519,,
640691,8519,,
640699,8519,,
650100,6576,,
650200,6576,,
650300,8484,,
650400,8484,,
650510,8484,,
650590,8484,,
650610,8484,,
650691,8484,,
650692,8484,,
650699,8484,,
650700,8484,,
660110,8994,,
660191,8994,,
660199,8994,,
660200,8994,,
660310,8994,,
660320,8994,,
660390,8994,,
670100,8999,,
670210,8992,,
670290,8992,,
670300,8999,,
670411,8999,,
670419,8999,,
670420,8999,,
670490,8999,,
680100,6613,,
680210,6613,,
680221,6613,,
680222,6613,,
680223,6613,,
680229,6613,,
680291,6613,,
680292,6613,,
680293,6613,,
680299,6613,,
680300,6613,,
680410,6631,,
680421,6631,,
680422,6631,,
680423,6631,,
680430,6631,,
680510,6632,,
680520,6632,,
680530,6632,,
680610,6635,,
680620,6635,,
680690,6635,,
680710,6618,,
680790,6618,,
680800,6618,,
680911,6633,,
680919,6633,,
680990,6633,,
681011,6633,,
681019,6633,,
681091,6633,,
681099,6633,,
681110,6618,,
681120,6618,,
681130,6618,,
681190,6618,,
681250,6638,,
681260,6638,,
681270,6638,,
681290,6638,,
681310,6638,,
681390,6638,,
681410,6633,,
681490,6633,,
681510,6633,,
681520,6633,,
681591,6633,,
681599,6633,,
690100,6623,,
690210,6623,,
690220,6623,,
690290,6623,,
690310,6637,,
690320,6637,,
690390,6637,,
690410,6624,,
690490,6624,,
690510,6624,,
690590,6624,,
690600,6624,,
690710,6624,,
690790,6624,,
690810,6624,,
690890,6624,,
690911,6639,,
690912,6639,,
690919,6639,,
690990,6639,,
691010,8122,,
691090,8122,,
691110,6661,,
691190,6661,,
691200,6661,,
691310,6662,,
691390,6662,,
691410,6639,,
691490,6639,,
700100,6641,,
700210,6641,,
700220,6641,,
700231,6641,,
700232,6641,,
700239,6641,,
700312,6645,,
700319,6645,,
700320,6645,,
700330,6645,,
700420,6643,,
700490,6643,,
700510,6644,,
700521,6644,,
700529,6644,,
700530,6644,,
700600,6649,,
700711,6647,,
700719,6647,,
700721,6647,,
700729,6647,,
700800,6649,,
700910,6648,,
700991,6648,,
700992,6648,,
701010,6659,,
701020,6651,,
701090,6651,,
701110,6649,,
701120,6649,,
701190,6649,,
701200,6651,,
701310,6652,,
701321,6652,,
701329,6652,,
701331,6652,,
701332,6652,,
701339,6652,,
701391,6652,,
701399,6652,,
701400,6659,,
701510,6649,,
701590,6649,,
701610,6659,,
701690,6649,,
701710,6659,,
701720,6659,,
701790,6659,,
701810,6659,,
701820,6659,,
701890,6659,,
701911,6519,,
701912,6519,,
701919,6519,,
701931,6649,,
701932,6649,,
701939,6649,,
701940,6546,,
701951,6546,,
701952,6546,,
701959,6546,,
701990,6649,,
702000,6659,,
710110,6671,,
710121,6671,,
710122,6671,,
710210,6672,,
710221,2771,,
710229,2771,,
710231,6672,,
710239,6672,,
710310,6673,,
710391,6673,,
710399,6673,,
710410,6674,,
710420,6674,,
710490,6674,,
710510,2772,,
710590,2772,,
710610,6811,,
710691,6811,,
710692,6811,,
710700,6811,,
710811,9710,,
710812,9710,,
710813,9710,,
710900,9710,,
711011,6812,,
711019,6812,,
711021,6812,,
711029,6812,,
711031,6812,,
711039,6812,,
711041,6812,,
711049,6812,,
711100,6812,,
711230,9710,,
711291,9710,,
711292,2892,,
711299,2892,,
711311,8973,,
711319,8973,,
711320,8973,,
711411,8973,,
711419,8973,,
711420,8973,,
711510,8974,,
711590,8974,,
711610,8973,,
711620,8973,,
711711,8972,,
711719,8972,,
711790,8972,,
711810,9610,,
720110,6712,,
720120,6712,,
720150,6712,,
720211,6714,,
720219,6714,,
720221,6715,,
720229,6715,,
720230,6715,,
720241,6715,,
720249,6715,,
720250,6715,,
720260,6715,,
720270,6715,,
720280,6715,,
720291,6715,,
720292,6715,,
720293,6715,,
720299,6715,,
720310,6713,,
720390,6713,,
720410,2821,,
720421,2822,,
720429,2822,,
720430,2823,,
720441,2823,,
720449,2823,,
720450,2823,,
720510,6713,,
720521,6713,,
720529,6713,,
720610,6724,,
720690,6724,,
720711,6726,,
720712,6726,,
720719,6726,,
720720,6727,,
720810,673,,
720825,673,,
720826,673,,
720827,673,,
720836,673,,
720837,673,,
720838,673,,
720839,673,,
720840,673,,
720851,673,,
720852,673,,
720853,673,,
720854,673,,
720890,6735,,
720915,673,,
720916,673,,
720917,673,,
720918,673,,
720925,673,,
720926,673,,
720927,673,,
720928,673,,
720990,6735,,
721011,6742,,
721012,6742,,
721020,6744,,
721030,6741,,
721041,6741,,
721049,6741,,
721050,6744,,
721061,6744,,
721069,6744,,
721070,6743,,
721090,6744,,
721113,673,,
721114,673,,
721119,673,,
721123,673,,
721129,673,,
721190,6735,,
721210,6742,,
721220,6741,,
721230,6741,,
721240,6743,,
721250,6745,,
721260,6745,,
721310,6761,,
721320,6761,,
721391,6761,,
721399,676,,
721410,676,,
721420,676,,
721430,676,,
721491,6762,,
721499,676,,
721510,676,,
721550,6763,,
721590,676,,
721610,6768,,
721621,6768,,
721622,6768,,
721631,6768,,
721632,6768,,
721633,6768,,
721640,6768,,
721650,6768,,
721661,6768,,
721669,6768,,
721691,6768,,
721699,6768,,
721710,6781,,
721720,6781,,
721730,6781,,
721790,6781,,
721810,6724,,
721891,6728,,
721899,6728,,
721911,6753,,
721912,6753,,
721913,6753,,
721914,6753,,
721921,6753,,
721922,6753,,
721923,6753,,
721924,6753,,
721931,6755,,
721932,6755,,
721933,6755,,
721934,6755,,
721935,6755,,
721990,6757,,
722011,6753,,
722012,6753,,
722020,6755,,
722090,6757,,
722100,676,,
722211,6762,,
722219,676,,
722220,676,,
722230,676,,
722240,6768,,
722300,6782,,
722410,6724,,
722490,6728,,
722511,6751,,
722519,6751,,
722520,6752,,
722530,6754,,
722540,6754,,
722550,6756,,
722591,6757,,
722592,6757,,
722599,6757,,
722611,6751,,
722619,6751,,
722620,6752,,
722691,6754,,
722692,6756,,
722693,6757,,
722694,6757,,
722699,6757,,
722710,676,,
722720,676,,
722790,676,,
722810,676,,
722820,676,,
722830,6762,,
722840,6764,,
722850,6763,,
722860,6764,,
722870,6768,,
722880,6764,,
722910,6782,,
722920,6782,,
722990,6782,,
730110,6768,,
730120,6768,,
730210,6770,,
730230,6770,,
730240,6770,,
730290,6770,,
730300,6791,,
730410,6791,,
730421,6791,,
730429,6791,,
730431,6791,,
730439,6791,,
730441,6791,,
730449,6791,,
730451,6791,,
730459,6791,,
730490,6791,,
730511,6793,,
730512,6793,,
730519,6793,,
730520,6793,,
730531,6793,,
730539,6793,,
730590,6793,,
730610,6794,,
730620,6794,,
730630,6794,,
730640,6794,,
730650,6794,,
730660,6794,,
730690,6794,,
730711,6795,,
730719,6795,,
730721,6795,,
730722,6795,,
730723,6795,,
730729,6795,,
730791,6795,,
730792,6795,,
730793,6795,,
730799,6795,,
730810,6911,,
730820,6911,,
730830,6911,,
730840,6911,,
730890,6911,,
730900,6921,,
731010,6924,,
731021,6924,,
731029,6924,,
731100,6924,,
731210,6931,,
731290,6931,,
731300,6932,,
731412,6935,,
731413,6935,,
731414,6935,,
731419,6935,,
731420,6935,,
731431,6935,,
731439,6935,,
731441,6935,,
731442,6935,,
731449,6935,,
731450,6935,,
731511,7483,,
731512,7483,,
731519,7483,,
731520,6992,,
731581,6992,,
731582,6992,,
731589,6992,,
731590,6992,,
731600,6996,,
731700,6941,,
731811,6942,,
731812,6942,,
731813,6942,,
731814,6942,,
731815,6942,,
731816,6942,,
731819,6942,,
731821,6942,,
731822,6942,,
731823,6942,,
731824,6942,,
731829,6942,,
731910,6993,,
731920,6993,,
731930,6993,,
731990,6993,,
732010,6994,,
732020,6994,,
732090,6994,,
732111,6973,,
732112,6973,,
732113,6973,,
732181,6973,,
732182,6973,,
732183,6973,,
732190,6973,,
732211,8121,,
732219,8121,,
732290,8121,,
732310,6974,,
732391,6974,,
732392,6974,,
732393,6974,,
732394,6974,,
732399,6974,,
732410,6975,,
732421,6975,,
732429,6975,,
732490,6975,,
732510,6996,,
732591,6996,,
732599,6996,,
732611,6996,,
732619,6996,,
732620,6996,,
732690,6996,,
740110,2832,,
740120,2832,,
740200,6821,,
740311,6821,,
740312,6821,,
740313,6821,,
740319,6821,,
740321,6821,,
740322,6821,,
740323,6821,,
740329,6821,,
740400,2882,,
740500,6821,,
740610,6826,,
740620,6826,,
740710,6823,,
740721,6823,,
740722,6823,,
740729,6823,,
740811,6824,,
740819,6824,,
740821,6824,,
740822,6824,,
740829,6824,,
740911,6825,,
740919,6825,,
740921,6825,,
740929,6825,,
740931,6825,,
740939,6825,,
740940,6825,,
740990,6825,,
741011,6826,,
741012,6826,,
741021,6826,,
741022,6826,,
741110,6827,,
741121,6827,,
741122,6827,,
741129,6827,,
741210,6827,,
741220,6827,,
741300,6931,,
741420,6935,,
741490,6935,,
741510,6943,,
741521,6943,,
741529,6943,,
741533,6943,,
741539,6943,,
741600,6994,,
741700,6973,,
741811,6974,,
741819,6974,,
741820,6975,,
741910,6997,,
741991,6997,,
741999,6997,,
750110,2842,,
750120,2842,,
750210,6831,,
750220,6831,,
750300,2882,,
750400,6832,,
750511,6832,,
750512,6832,,
750521,6832,,
750522,6832,,
750610,6832,,
750620,6832,,
750711,6832,,
750712,6832,,
750720,6832,,
750810,6997,,
750890,6997,,
760110,6841,,
760120,6841,,
760200,2882,,
760310,6842,,
760320,6842,,
760410,6842,,
760421,6842,,
760429,6842,,
760511,6842,,
760519,6842,,
760521,6842,,
760529,6842,,
760611,6842,,
760612,6842,,
760691,6842,,
760692,6842,,
760711,6842,,
760719,6842,,
760720,6842,,
760810,6842,,
760820,6842,,
760900,6842,,
761010,6912,,
761090,6912,,
761100,6921,,
761210,6924,,
761290,6924,,
761300,6924,,
761410,6931,,
761490,6931,,
761511,6974,,
761519,6974,,
761520,6975,,
761610,6944,,
761691,6997,,
761699,6997,,
780110,6851,,
780191,6851,,
780199,6851,,
780200,2882,,
780300,6852,,
780411,6852,,
780419,6852,,
780420,6852,,
780500,6852,,
780600,6997,,
790111,6861,,
790112,6861,,
790120,6861,,
790200,2882,,
790310,6863,,
790390,6863,,
790400,6863,,
790500,6863,,
790600,6863,,
790700,6997,,
800110,6871,,
800120,6871,,
800200,2882,,
800300,6872,,
800400,6872,,
800500,6872,,
800600,6872,,
800700,6997,,
810110,6891,,
810194,6891,,
810195,6999,,
810196,6999,,
810197,6891,,
810199,6999,,
810210,6891,,
810294,6891,,
810295,6999,,
810296,6999,,
810297,6891,,
810299,6999,,
810320,6891,,
810330,6891,,
810390,6999,,
810411,6891,,
810419,6891,,
810420,6891,,
810430,6999,,
810490,6999,,
810520,6898,,
810530,6898,,
810590,6998,,
810600,6899,,
810720,6898,,
810730,6898,,
810790,6998,,
810820,6898,,
810830,6898,,
810890,6998,,
810920,6898,,
810930,6898,,
810990,6998,,
811010,6899,,
811020,6899,,
811090,6899,,
811100,6899,,
811212,6899,,
811213,6899,,
811219,6999,,
811221,6899,,
811222,6899,,
811229,6899,,
811230,6899,,
811240,6899,,
811251,6899,,
811252,6899,,
811259,6999,,
811292,6899,,
811299,6999,,
811300,6899,,
820110,6951,,
820120,6951,,
820130,6951,,
820140,6951,,
820150,6951,,
820160,6951,,
820190,6951,,
820210,6952,,
820220,6955,,
820231,6955,,
820239,6955,,
820240,6955,,
820291,6955,,
820299,6955,,
820310,6952,,
820320,6952,,
820330,6952,,
820340,6952,,
820411,6953,,
820412,6953,,
820420,6953,,
820510,6954,,
820520,6954,,
820530,6954,,
820540,6954,,
820551,6954,,
820559,6954,,
820560,6954,,
820570,6954,,
820580,6954,,
820590,6954,,
820600,6957,,
820713,6956,,
820719,6956,,
820720,6956,,
820730,6956,,
820740,6956,,
820750,6956,,
820760,6956,,
820770,6956,,
820780,6956,,
820790,6956,,
820810,6956,,
820820,6956,,
820830,6956,,
820840,6956,,
820890,6956,,
820900,6956,,
821000,6978,,
821110,6968,,
821191,6968,,
821192,6968,,
821193,6968,,
821194,6968,,
821195,6968,,
821210,6963,,
821220,6963,,
821290,6963,,
821300,6964,,
821410,6965,,
821420,6965,,
821490,6965,,
821510,6966,,
821520,6966,,
821591,6966,,
821599,6966,,
830110,6991,,
830120,6991,,
830130,6991,,
830140,6991,,
830150,6991,,
830160,6991,,
830170,6991,,
830210,6991,,
830220,6991,,
830230,6991,,
830241,6991,,
830242,6991,,
830249,6991,,
830250,6991,,
830260,6991,,
830300,6991,,
830400,8951,,
830510,8951,,
830520,8951,,
830590,8951,,
830610,6995,,
830621,6978,,
830629,6978,,
830630,6978,,
830710,6995,,
830790,6995,,
830810,6993,,
830820,6993,,
830890,6993,,
830910,6995,,
830990,6995,,
831000,6995,,
831110,6995,,
831120,6995,,
831130,6995,,
831190,6995,,
840110,7187,,
840120,7284,,
840130,7187,,
840140,7187,,
840211,7111,,
840212,7111,,
840219,7111,,
840220,7111,,
840290,7119,,
840310,8121,,
840390,8121,,
840410,7112,,
840420,7112,,
840490,7119,,
840510,7417,,
840590,7417,,
840610,7121,,
840681,7121,,
840682,7121,,
840690,7128,,
840710,7131,,
840721,7133,,
840729,7133,,
840731,7132,,
840732,7132,,
840733,7132,,
840734,7132,,
840790,7138,,
840810,7133,,
840820,7132,,
840890,7138,,
840910,7131,,
840991,7139,,
840999,7139,,
841011,7181,,
841012,7181,,
841013,7181,,
841090,7181,,
841111,7144,,
841112,7144,,
841121,7148,,
841122,7148,,
841181,7148,,
841182,7148,,
841191,7149,,
841199,7149,,
841210,7144,,
841221,7189,,
841229,7189,,
841231,7189,,
841239,7189,,
841280,7189,,
841290,7189,,
841311,7421,,
841319,7421,,
841320,7427,,
841330,7422,,
841340,7423,,
841350,7424,,
841360,7425,,
841370,7426,,
841381,7427,,
841382,7427,,
841391,7429,,
841392,7429,,
841410,7431,,
841420,7431,,
841430,7431,,
841440,7431,,
841451,7434,,
841459,7434,,
841460,7434,,
841480,7431,,
841490,7438,,
841510,7415,,
841520,7415,,
841581,7415,,
841582,7415,,
841583,7415,,
841590,7415,,
841610,7412,,
841620,7412,,
841630,7412,,
841690,7412,,
841710,7413,,
841720,7413,,
841780,7413,,
841790,7413,,
841810,7752,,
841821,7752,,
841822,7752,,
841829,7752,,
841830,7752,,
841840,7752,,
841850,7414,,
841861,7414,,
841869,7414,,
841891,7414,,
841899,7414,,
841911,7418,,
841919,7418,,
841920,7418,,
841931,7418,,
841932,7418,,
841939,7418,,
841940,7417,,
841950,7417,,
841960,7417,,
841981,7418,,
841989,7418,,
841990,7419,,
842010,7459,,
842091,7459,,
842099,7459,,
842111,7435,,
842112,7435,,
842119,7435,,
842121,7436,,
842122,7436,,
842123,7436,,
842129,7436,,
842131,7436,,
842139,7436,,
842191,7439,,
842199,7439,,
842211,7753,,
842219,7452,,
842220,7452,,
842230,7452,,
842240,7452,,
842290,7452,,
842310,7453,,
842320,7453,,
842330,7453,,
842381,7453,,
842382,7453,,
842389,7453,,
842390,7453,,
842410,7456,,
842420,7456,,
842430,7456,,
842481,7456,,
842489,7456,,
842490,7456,,
842511,7442,,
842519,7442,,
842520,7442,,
842531,7442,,
842539,7442,,
842541,7444,,
842542,7444,,
842549,7444,,
842611,7443,,
842612,7443,,
842619,7443,,
842620,7443,,
842630,7443,,
842641,7443,,
842649,7443,,
842691,7443,,
842699,7443,,
842710,7441,,
842720,7441,,
842790,7441,,
842810,7448,,
842820,7447,,
842831,7447,,
842832,7447,,
842833,7447,,
842839,7447,,
842840,7448,,
842850,7448,,
842860,7448,,
842890,7448,,
842911,7231,,
842919,7231,,
842920,7231,,
842930,7233,,
842940,7233,,
842951,7232,,
842952,7232,,
842959,7232,,
843010,7234,,
843020,7234,,
843031,7233,,
843039,7234,,
843041,7233,,
843049,7234,,
843050,7233,,
843061,7234,,
843069,7234,,
843110,7449,,
843120,7449,,
843131,7449,,
843139,7449,,
843141,7239,,
843142,7239,,
843143,7239,,
843149,7239,,
843210,7211,,
843221,7211,,
843229,7211,,
843230,7211,,
843240,7211,,
843280,7211,,
843290,7211,,
843311,7212,,
843319,7212,,
843320,7212,,
843330,7212,,
843340,7212,,
843351,7212,,
843352,7212,,
843353,7212,,
843359,7212,,
843360,7212,,
843390,7212,,
843410,7213,,
843420,7213,,
843490,7213,,
843510,7219,,
843590,7219,,
843610,7219,,
843621,7219,,
843629,7219,,
843680,7219,,
843691,7219,,
843699,7219,,
843710,7212,,
843780,7271,,
843790,7271,,
843810,7272,,
843820,7272,,
843830,7272,,
843840,7272,,
843850,7272,,
843860,7272,,
843880,7272,,
843890,7272,,
843910,7251,,
843920,7251,,
843930,7251,,
843991,7259,,
843999,7259,,
844010,7268,,
844090,7268,,
844110,7252,,
844120,7252,,
844130,7252,,
844140,7252,,
844180,7252,,
844190,7259,,
844210,7263,,
844220,7263,,
844230,7263,,
844240,7269,,
844250,7263,,
844311,7265,,
844312,7265,,
844319,7265,,
844321,7266,,
844329,7266,,
844330,7266,,
844340,7266,,
844351,7456,,
844359,7266,,
844360,7266,,
844390,7269,,
844400,7244,,
844511,7244,,
844512,7244,,
844513,7244,,
844519,7244,,
844520,7244,,
844530,7244,,
844540,7244,,
844590,7245,,
844610,7245,,
844621,7245,,
844629,7245,,
844630,7245,,
844711,7245,,
844712,7245,,
844720,7245,,
844790,7245,,
844811,7246,,
844819,7246,,
844820,7244,,
844831,7244,,
844832,7244,,
844833,7244,,
844839,7244,,
844841,7246,,
844842,7246,,
844849,7246,,
844851,7246,,
844859,7246,,
844900,7245,,
845011,7751,,
845012,7751,,
845019,7751,,
845020,7247,,
845090,7249,,
845110,7247,,
845121,7751,,
845129,7247,,
845130,7247,,
845140,7247,,
845150,7247,,
845180,7247,,
845190,7249,,
845210,7243,,
845221,7243,,
845229,7243,,
845230,7243,,
845240,7243,,
845290,7243,,
845310,7248,,
845320,7248,,
845380,7248,,
845390,7248,,
845410,7371,,
845420,7371,,
845430,7371,,
845490,7371,,
845510,7372,,
845521,7372,,
845522,7372,,
845530,7372,,
845590,7372,,
845610,7311,,
845620,7311,,
845630,7311,,
845691,7311,,
845699,7311,,
845710,7312,,
845720,7312,,
845730,7312,,
845811,7313,,
845819,7313,,
845891,7313,,
845899,7313,,
845910,7314,,
845921,7314,,
845929,7314,,
845931,7314,,
845939,7314,,
845940,7314,,
845951,7315,,
845959,7315,,
845961,7315,,
845969,7315,,
845970,7315,,
846011,7316,,
846019,7316,,
846021,7316,,
846029,7316,,
846031,7316,,
846039,7316,,
846040,7316,,
846090,7316,,
846120,7317,,
846130,7317,,
846140,7317,,
846150,7317,,
846190,7317,,
846210,7331,,
846221,7331,,
846229,7331,,
846231,7331,,
846239,7331,,
846241,7331,,
846249,7331,,
846291,7331,,
846299,7331,,
846310,7339,,
846320,7339,,
846330,7339,,
846390,7339,,
846410,7281,,
846420,7281,,
846490,7281,,
846510,7281,,
846591,7281,,
846592,7281,,
846593,7281,,
846594,7281,,
846595,7281,,
846596,7281,,
846599,7281,,
846610,7351,,
846620,7351,,
846630,7351,,
846691,7281,,
846692,7281,,
846693,7359,,
846694,7359,,
846711,7451,,
846719,7451,,
846721,7784,,
846722,7784,,
846729,7784,,
846781,7451,,
846789,7451,,
846791,7451,,
846792,7451,,
846799,7451,,
846810,7374,,
846820,7374,,
846880,7374,,
846890,7374,,
846911,7511,,
846912,7511,,
846920,7511,,
846930,7511,,
847010,7512,,
847021,7512,,
847029,7512,,
847030,7512,,
847040,7512,,
847050,7512,,
847090,7512,,
847110,7521,,
847130,7522,,
847141,7522,,
847149,7523,,
847150,7523,,
847160,7526,,
847170,7527,,
847180,7529,,
847190,7529,,
847210,7519,,
847220,7519,,
847230,7519,,
847290,7519,,
847310,7599,,
847321,7599,,
847329,7599,,
847330,7599,,
847340,7599,,
847350,7599,,
847410,7283,,
847420,7283,,
847431,7283,,
847432,7283,,
847439,7283,,
847480,7283,,
847490,7283,,
847510,7284,,
847521,7284,,
847529,7284,,
847590,7285,,
847621,7459,,
847629,7459,,
847681,7459,,
847689,7459,,
847690,7459,,
847710,7284,,
847720,7284,,
847730,7284,,
847740,7284,,
847751,7284,,
847759,7284,,
847780,7284,,
847790,7285,,
847810,7284,,
847890,7285,,
847910,7234,,
847920,7272,,
847930,7284,,
847940,7284,,
847950,7284,,
847960,7284,,
847981,7284,,
847982,7284,,
847989,7284,,
847990,7285,,
848010,7491,,
848020,7491,,
848030,7491,,
848041,7491,,
848049,7491,,
848050,7491,,
848060,7491,,
848071,7491,,
848079,7491,,
848110,7471,,
848120,7472,,
848130,7473,,
848140,7474,,
848180,7478,,
848190,7479,,
848210,7461,,
848220,7462,,
848230,7463,,
848240,7464,,
848250,7465,,
848280,7468,,
848291,7469,,
848299,7469,,
848310,7481,,
848320,7482,,
848330,7482,,
848340,7484,,
848350,7485,,
848360,7486,,
848390,7489,,
848410,7492,,
848420,7499,,
848490,7492,,
848510,7499,,
848590,7499,,
850110,7161,,
850120,7163,,
850131,7162,,
850132,7162,,
850133,7162,,
850134,7162,,
850140,7163,,
850151,7163,,
850152,7163,,
850153,7163,,
850161,7163,,
850162,7163,,
850163,7163,,
850164,7163,,
850211,7165,,
850212,7165,,
850213,7165,,
850220,7165,,
850231,7165,,
850239,7165,,
850240,7164,,
850300,7169,,
850410,7712,,
850421,7711,,
850422,7711,,
850423,7711,,
850431,7711,,
850432,7711,,
850433,7711,,
850434,7711,,
850440,7712,,
850450,7712,,
850490,7712,,
850511,7788,,
850519,7788,,
850520,7788,,
850530,7788,,
850590,7788,,
850610,7781,,
850630,7781,,
850640,7781,,
850650,7781,,
850660,7781,,
850680,7781,,
850690,7781,,
850710,7781,,
850720,7781,,
850730,7781,,
850740,7781,,
850780,7781,,
850790,7781,,
850910,7757,,
850920,7757,,
850930,7757,,
850940,7757,,
850980,7757,,
850990,7757,,
851010,7754,,
851020,7754,,
851030,7757,,
851090,7754,,
851110,7783,,
851120,7783,,
851130,7783,,
851140,7783,,
851150,7783,,
851180,7783,,
851190,7783,,
851210,7783,,
851220,7783,,
851230,7783,,
851240,7783,,
851290,7783,,
851310,8131,,
851390,8138,,
851410,7413,,
851420,7413,,
851430,7413,,
851440,7413,,
851490,7413,,
851511,7373,,
851519,7373,,
851521,7373,,
851529,7373,,
851531,7373,,
851539,7373,,
851580,7373,,
851590,7373,,
851610,7758,,
851621,7758,,
851629,7758,,
851631,7758,,
851632,7758,,
851633,7758,,
851640,7758,,
851650,7758,,
851660,7758,,
851671,7758,,
851672,7758,,
851679,7758,,
851680,7758,,
851690,7758,,
851711,7641,,
851719,7641,,
851721,7641,,
851722,7641,,
851730,7641,,
851750,7641,,
851780,7641,,
851790,7649,,
851810,7642,,
851821,7642,,
851822,7642,,
851829,7642,,
851830,7642,,
851840,7642,,
851850,7642,,
851890,7649,,
851910,7633,,
851921,7633,,
851929,7633,,
851931,7633,,
851939,7633,,
851940,7638,,
851992,7638,,
851993,7638,,
851999,7638,,
852010,7638,,
852020,7638,,
852032,7638,,
852033,7638,,
852039,7638,,
852090,7638,,
852110,7638,,
852190,7638,,
852210,7649,,
852290,7649,,
852311,8984,,
852312,8984,,
852313,8984,,
852320,8985,,
852330,8985,,
852390,8985,,
852410,8987,,
852431,8987,,
852432,8987,,
852439,8987,,
852440,8986,,
852451,8986,,
852452,8986,,
852453,8986,,
852460,8987,,
852491,8987,,
852499,8987,,
852510,7643,,
852520,7643,,
852530,7648,,
852540,7638,,
852610,7648,,
852691,7648,,
852692,7648,,
852712,7622,,
852713,7622,,
852719,7622,,
852721,7621,,
852729,7621,,
852731,7628,,
852732,7628,,
852739,7628,,
852790,7648,,
852812,7611,,
852813,7612,,
852821,7611,,
852822,7612,,
852830,7611,,
852910,7649,,
852990,7649,,
853010,7788,,
853080,7788,,
853090,7788,,
853110,7788,,
853120,7788,,
853180,7788,,
853190,7788,,
853210,7786,,
853221,7786,,
853222,7786,,
853223,7786,,
853224,7786,,
853225,7786,,
853229,7786,,
853230,7786,,
853290,7786,,
853310,7723,,
853321,7723,,
853329,7723,,
853331,7723,,
853339,7723,,
853340,7723,,
853390,7723,,
853400,7722,,
853510,7724,,
853521,7724,,
853529,7724,,
853530,7724,,
853540,7724,,
853590,7724,,
853610,7725,,
853620,7725,,
853630,7725,,
853641,7725,,
853649,7725,,
853650,7725,,
853661,7725,,
853669,7725,,
853690,7725,,
853710,7726,,
853720,7726,,
853810,7728,,
853890,7728,,
853910,7782,,
853921,7782,,
853922,7782,,
853929,7782,,
853931,7782,,
853932,7782,,
853939,7782,,
853941,7782,,
853949,7782,,
853990,7782,,
854011,7761,,
854012,7761,,
854020,7762,,
854040,7762,,
854050,7762,,
854060,7762,,
854071,7762,,
854072,7762,,
854079,7762,,
854081,7762,,
854089,7762,,
854091,7762,,
854099,7762,,
854110,7763,,
854121,7763,,
854129,7763,,
854130,7763,,
854140,7763,,
854150,7763,,
854160,7768,,
854190,7768,,
854210,7764,,
854221,7764,,
854229,7764,,
854260,7764,,
854270,7764,,
854290,7768,,
854311,7787,,
854319,7787,,
854320,7787,,
854330,7787,,
854340,7787,,
854381,7787,,
854389,7787,,
854390,7787,,
854411,7731,,
854419,7731,,
854420,7731,,
854430,7731,,
854441,7731,,
854449,7731,,
854451,7731,,
854459,7731,,
854460,7731,,
854470,7731,,
854511,7788,,
854519,7788,,
854520,7788,,
854590,7788,,
854610,7732,,
854620,7732,,
854690,7732,,
854710,7732,,
854720,7732,,
854790,7732,,
854810,7781,,
854890,7788,,
860110,7911,,
860120,7911,,
860210,7912,,
860290,7912,,
860310,7916,,
860390,7916,,
860400,7918,,
860500,7917,,
860610,7918,,
860620,7918,,
860630,7918,,
860691,7918,,
860692,7918,,
860699,7918,,
860711,7919,,
860712,7919,,
860719,7919,,
860721,7919,,
860729,7919,,
860730,7919,,
860791,7919,,
860799,7919,,
860800,7919,,
860900,7863,,
870110,7224,,
870120,7832,,
870130,7223,,
870190,7224,,
870210,7831,,
870290,7831,,
870310,7811,,
870321,7812,,
870322,7812,,
870323,7812,,
870324,7812,,
870331,7812,,
870332,7812,,
870333,7812,,
870390,7812,,
870410,7821,,
870421,7821,,
870422,7821,,
870423,7821,,
870431,7821,,
870432,7821,,
870490,7821,,
870510,7822,,
870520,7822,,
870530,7822,,
870540,7822,,
870590,7822,,
870600,7841,,
870710,7842,,
870790,7842,,
870810,7843,,
870821,7843,,
870829,7843,,
870831,7843,,
870839,7843,,
870840,7843,,
870850,7843,,
870860,7843,,
870870,7843,,
870880,7843,,
870891,7843,,
870892,7843,,
870893,7843,,
870894,7843,,
870899,7843,,
870911,7441,,
870919,7441,,
870990,7441,,
871000,8911,,
871110,7851,,
871120,7851,,
871130,7851,,
871140,7851,,
871150,7851,,
871190,7851,,
871200,7852,,
871310,7853,,
871390,7853,,
871411,7853,,
871419,7853,,
871420,7853,,
871491,7853,,
871492,7853,,
871493,7853,,
871494,7853,,
871495,7853,,
871496,7853,,
871499,7853,,
871500,8941,,
871610,7861,,
871620,7862,,
871631,7862,,
871639,7862,,
871640,7868,,
871680,7868,,
871690,7868,,
880110,7928,,
880190,7928,,
880211,7921,,
880212,7921,,
880220,7922,,
880230,7923,,
880240,7924,,
880260,7925,,
880310,7929,,
880320,7929,,
880330,7929,,
880390,7929,,
880400,8999,,
880510,7928,,
880521,7928,,
880529,7928,,
890110,7932,,
890120,7932,,
890130,7932,,
890190,7932,,
890200,7932,,
890310,7931,,
890391,7931,,
890392,7931,,
890399,7931,,
890400,7937,,
890510,7935,,
890520,7935,,
890590,7935,,
890610,7932,,
890690,7932,,
890710,7939,,
890790,7939,,
890800,7933,,
900110,8841,,
900120,8841,,
900130,8841,,
900140,8841,,
900150,8841,,
900190,8841,,
900211,8843,,
900219,8843,,
900220,8843,,
900290,8843,,
900311,8842,,
900319,8842,,
900390,8842,,
900410,8842,,
900490,8842,,
900510,8711,,
900580,8711,,
900590,8711,,
900610,8811,,
900620,8811,,
900630,8811,,
900640,8811,,
900651,8811,,
900652,8811,,
900653,8811,,
900659,8811,,
900661,8811,,
900662,8811,,
900669,8811,,
900691,8811,,
900699,8811,,
900711,8812,,
900719,8812,,
900720,8812,,
900791,8812,,
900792,8812,,
900810,8813,,
900820,8813,,
900830,8813,,
900840,8813,,
900890,8813,,
900911,7513,,
900912,7513,,
900921,7513,,
900922,7513,,
900930,7513,,
900991,7591,,
900992,7591,,
900993,7591,,
900999,7591,,
901010,8813,,
901041,8813,,
901042,8813,,
901049,8813,,
901050,8813,,
901060,8813,,
901090,8813,,
901110,8714,,
901120,8714,,
901180,8714,,
901190,8714,,
901210,8713,,
901290,8713,,
901310,8719,,
901320,8719,,
901380,8719,,
901390,8719,,
901410,8741,,
901420,8741,,
901480,8741,,
901490,8741,,
901510,8741,,
901520,8741,,
901530,8741,,
901540,8741,,
901580,8741,,
901590,8741,,
901600,8745,,
901710,8742,,
901720,8742,,
901730,8742,,
901780,8742,,
901790,8742,,
901811,7741,,
901812,7741,,
901813,7741,,
901814,7741,,
901819,7741,,
901820,7741,,
901831,8722,,
901832,8722,,
901839,8722,,
901841,8721,,
901849,8721,,
901850,8722,,
901890,8722,,
901910,8723,,
901920,8723,,
902000,8723,,
902110,8996,,
902121,8996,,
902129,8996,,
902131,8996,,
902139,8996,,
902140,8996,,
902150,8996,,
902190,8996,,
902212,7742,,
902213,7742,,
902214,7742,,
902219,7742,,
902221,7742,,
902229,7742,,
902230,7742,,
902290,7742,,
902300,8745,,
902410,8745,,
902480,8745,,
902490,8745,,
902511,8745,,
902519,8745,,
902580,8745,,
902590,8745,,
902610,8743,,
902620,8743,,
902680,8743,,
902690,8743,,
902710,8744,,
902720,8744,,
902730,8744,,
902740,8744,,
902750,8744,,
902780,8744,,
902790,8744,,
902810,8731,,
902820,8731,,
902830,8731,,
902890,8731,,
902910,8732,,
902920,8732,,
902990,8732,,
903010,8747,,
903020,8747,,
903031,8747,,
903039,8747,,
903040,8747,,
903082,8747,,
903083,8747,,
903089,8747,,
903090,8747,,
903110,8742,,
903120,8742,,
903130,8742,,
903141,8742,,
903149,8742,,
903180,8742,,
903190,8742,,
903210,8746,,
903220,8746,,
903281,8746,,
903289,8746,,
903290,8746,,
903300,8749,,
910111,8853,,
910112,8853,,
910119,8853,,
910121,8853,,
910129,8853,,
910191,8853,,
910199,8853,,
910211,8854,,
910212,8854,,
910219,8854,,
910221,8854,,
910229,8854,,
910291,8854,,
910299,8854,,
910310,8857,,
910390,8857,,
910400,8857,,
910511,8857,,
910519,8857,,
910521,8857,,
910529,8857,,
910591,8857,,
910599,8857,,
910610,8859,,
910620,8859,,
910690,8859,,
910700,8859,,
910811,8855,,
910812,8855,,
910819,8855,,
910820,8855,,
910890,8855,,
910911,8859,,
910919,8859,,
910990,8859,,
911011,8859,,
911012,8859,,
911019,8859,,
911090,8859,,
911110,8859,,
911120,8859,,
911180,8859,,
911190,8859,,
911220,8859,,
911290,8859,,
911310,8859,,
911320,8859,,
911390,8859,,
911410,8859,,
911420,8859,,
911430,8859,,
911440,8859,,
911490,8859,,
920110,8981,,
920120,8981,,
920190,8981,,
920210,8981,,
920290,8981,,
920300,8982,,
920410,8982,,
920420,8982,,
920510,8982,,
920590,8982,,
920600,8982,,
920710,8982,,
920790,8982,,
920810,8982,,
920890,8982,,
920910,8989,,
920920,8989,,
920930,8989,,
920991,8989,,
920992,8989,,
920993,8989,,
920994,8989,,
920999,8989,,
930111,8911,,
930119,8911,,
930120,8911,,
930190,8911,,
930200,8911,,
930310,8913,,
930320,8913,,
930330,8913,,
930390,8913,,
930400,8913,,
930510,8919,,
930521,8919,,
930529,8919,,
930591,8919,,
930599,8919,,
930610,8912,,
930621,8912,,
930629,8912,,
930630,8912,,
930690,8912,,
930700,8911,,
940110,8211,,
940120,8211,,
940130,8211,,
940140,8211,,
940150,8211,,
940161,8211,,
940169,8211,,
940171,8211,,
940179,8211,,
940180,8211,,
940190,8211,,
940210,8724,,
940290,8724,,
940310,8213,,
940320,8213,,
940330,8215,,
940340,8215,,
940350,8215,,
940360,8215,,
940370,8217,,
940380,8217,,
940390,8218,,
940410,8212,,
940421,8212,,
940429,8212,,
940430,8212,,
940490,8212,,
940510,8131,,
940520,8131,,
940530,8944,,
940540,8131,,
940550,8131,,
940560,8132,,
940591,8139,,
940592,8139,,
940599,8139,,
940600,8110,,
950100,8942,,
950210,8942,,
950291,8942,,
950299,8942,,
950310,8942,,
950320,8942,,
950330,8942,,
950341,8942,,
950349,8942,,
950350,8942,,
950360,8942,,
950370,8942,,
950380,8942,,
950390,8942,,
950410,8943,,
950420,8943,,
950430,8943,,
950440,8943,,
950490,8943,,
950510,8944,,
950590,8944,,
950611,8947,,
950612,8947,,
950619,8947,,
950621,8947,,
950629,8947,,
950631,8947,,
950632,8947,,
950639,8947,,
950640,8947,,
950651,8947,,
950659,8947,,
950661,8947,,
950662,8947,,
950669,8947,,
950670,8947,,
950691,8947,,
950699,8947,,
950710,8947,,
950720,8947,,
950730,8947,,
950790,8947,,
950810,8946,,
950890,8946,,
960110,8991,,
960190,8991,,
960200,8991,,
960310,8997,,
960321,8997,,
960329,8997,,
960330,8997,,
960340,8997,,
960350,8997,,
960390,8997,,
960400,8998,,
960500,8313,,
960610,8998,,
960621,8998,,
960622,8998,,
960629,8998,,
960630,8998,,
960711,8998,,
960719,8998,,
960720,8998,,
960810,8952,,
960820,8952,,
960831,8952,,
960839,8952,,
960840,8952,,
960850,8952,,
960860,8952,,
960891,8952,,
960899,8952,,
960910,8952,,
960920,8952,,
960990,8952,,
961000,8959,,
961100,8959,,
961210,8959,,
961220,8959,,
961310,8993,,
961320,8993,,
961380,8993,,
961390,8993,,
961420,8993,,
961490,8993,,
961511,8998,,
961519,8998,,
961590,8998,,
961610,8998,,
961620,8998,,
961700,8999,,
961800,8998,,
970110,8961,,
970190,8961,,
970200,8962,,
970300,8963,,
970400,8964,,
970500,8965,,
970600,8966,,
